movie_name,movie_reviews,total_number_of_tickets_purchased,total_purchase_amount,purchase_frequency
Terrible Mystery,The worst movie I have seen in years.,589,787.35,20
Dull Adventure,The worst movie I have seen in years.,472,15701.16,43
Terrible Mystery,Fantastic storyline and great acting.,726,13724.86,22
Wonderful Adventure,Fantastic storyline and great acting.,821,19638.28,23
Incredible Chronicle,Fantastic storyline and great acting.,814,1038.56,36
Amazing Chronicle,Not worth watching.,1785,17729.26,39
Incredible Journey,Not worth watching.,659,3621.6,33
Wonderful Chronicle,This movie was absolutely amazing!,886,12880.75,42
Wonderful Adventure,Terrible plot and bad acting.,1181,14709.39,34
Dull Saga,This movie was absolutely amazing!,905,8739.57,9
Boring Chronicle,An incredible journey full of surprises.,104,10416.28,40
Amazing Story,I did not enjoy this movie at all.,778,10190.11,27
Terrible Quest,A wonderful experience from start to finish.,233,6101.47,26
Exciting Tale,Not worth watching.,995,5691.07,46
Fantastic Adventure,An incredible journey full of surprises.,884,4170.83,6
Boring Quest,An exciting tale of adventure.,1980,14041.46,31
Incredible Adventure,Terrible plot and bad acting.,1162,13505.79,11
Terrible Chronicle,The worst movie I have seen in years.,1775,893.16,17
Incredible Chronicle,Not worth watching.,957,8217.54,27
Exciting Quest,A dull and boring movie.,770,19149.89,10
Exciting Journey,The worst movie I have seen in years.,919,4562.7,7
Amazing Journey,A dull and boring movie.,1160,5398.91,4
Incredible Quest,An exciting tale of adventure.,1591,5385.72,8
Exciting Tale,Fantastic storyline and great acting.,153,2826.77,36
Amazing Saga,This movie was absolutely amazing!,1067,6842.08,9
Incredible Chronicle,This movie was absolutely amazing!,705,11447.0,29
Incredible Journey,The worst movie I have seen in years.,701,11931.06,11
Amazing Adventure,A dull and boring movie.,745,8504.45,20
Boring Adventure,Terrible plot and bad acting.,1518,19219.17,24
Boring Quest,A wonderful experience from start to finish.,865,4522.74,7
Dull Quest,A dull and boring movie.,366,16509.1,3
Wonderful Chronicle,Fantastic storyline and great acting.,1112,12048.06,4
Terrible Story,This movie was absolutely amazing!,1959,5453.28,38
Fantastic Quest,A wonderful experience from start to finish.,547,19572.55,2
Incredible Saga,The worst movie I have seen in years.,1131,1121.1,12
Exciting Saga,This movie was absolutely amazing!,1930,7513.39,22
Dull Chronicle,Terrible plot and bad acting.,897,7430.85,32
Dull Saga,An exciting tale of adventure.,1014,540.17,37
Terrible Mystery,A wonderful experience from start to finish.,857,18670.4,25
Exciting Adventure,Terrible plot and bad acting.,1321,14994.89,11
Terrible Tale,I did not enjoy this movie at all.,1803,16031.69,29
Boring Quest,A wonderful experience from start to finish.,1472,14889.23,39
Amazing Mystery,Fantastic storyline and great acting.,471,593.64,46
Dull Story,Fantastic storyline and great acting.,1304,14357.41,16
Dull Saga,Fantastic storyline and great acting.,1128,11393.83,45
Amazing Saga,I did not enjoy this movie at all.,1515,16195.47,50
Terrible Adventure,A dull and boring movie.,285,12459.22,8
Boring Adventure,A dull and boring movie.,138,17614.12,30
Terrible Saga,The worst movie I have seen in years.,200,6514.89,12
Exciting Tale,A dull and boring movie.,1679,10323.46,42
Dull Quest,A wonderful experience from start to finish.,392,17908.0,42
Dull Chronicle,Terrible plot and bad acting.,1979,1783.95,1
Boring Saga,An exciting tale of adventure.,659,19196.06,3
Amazing Story,Not worth watching.,1619,14545.1,9
Incredible Journey,An incredible journey full of surprises.,258,16692.22,2
Wonderful Story,I did not enjoy this movie at all.,1589,721.3,6
Terrible Quest,The worst movie I have seen in years.,1107,9735.72,22
Exciting Story,An incredible journey full of surprises.,407,8683.53,33
Incredible Journey,Terrible plot and bad acting.,1899,9447.4,33
Terrible Saga,An exciting tale of adventure.,422,2798.61,9
Exciting Quest,Terrible plot and bad acting.,1742,7198.82,25
Amazing Quest,A wonderful experience from start to finish.,669,14455.99,16
Incredible Story,An exciting tale of adventure.,812,15425.97,11
Fantastic Mystery,A dull and boring movie.,381,5711.34,36
Fantastic Story,An exciting tale of adventure.,848,15714.57,37
Wonderful Adventure,Terrible plot and bad acting.,644,3233.14,48
Exciting Mystery,An incredible journey full of surprises.,1592,9462.19,22
Boring Journey,A dull and boring movie.,1550,3227.13,22
Amazing Saga,I did not enjoy this movie at all.,1121,5351.0,23
Exciting Adventure,Terrible plot and bad acting.,1249,2692.12,50
Fantastic Quest,Fantastic storyline and great acting.,1846,16732.67,47
Amazing Adventure,Fantastic storyline and great acting.,1527,2265.46,24
Terrible Adventure,A dull and boring movie.,776,18129.87,27
Dull Quest,Not worth watching.,500,14211.33,23
Fantastic Journey,A dull and boring movie.,1200,13915.69,18
Wonderful Story,An exciting tale of adventure.,1344,501.3,9
Amazing Journey,An incredible journey full of surprises.,179,1458.06,26
Amazing Chronicle,An incredible journey full of surprises.,902,847.73,15
Incredible Tale,A dull and boring movie.,1519,1083.28,14
Incredible Mystery,An exciting tale of adventure.,588,16871.34,2
Dull Story,A wonderful experience from start to finish.,324,6152.11,36
Amazing Tale,Fantastic storyline and great acting.,1190,15665.9,33
Boring Saga,Not worth watching.,1066,15398.72,26
Boring Mystery,Fantastic storyline and great acting.,470,12391.26,20
Fantastic Story,An incredible journey full of surprises.,1342,17093.68,22
Exciting Chronicle,Not worth watching.,1260,3773.62,38
Dull Tale,An exciting tale of adventure.,1920,8746.76,16
Dull Adventure,Terrible plot and bad acting.,1147,3571.36,20
Fantastic Saga,An exciting tale of adventure.,629,17842.69,33
Amazing Quest,The worst movie I have seen in years.,1129,9978.86,10
Fantastic Mystery,The worst movie I have seen in years.,208,16805.01,22
Terrible Saga,Fantastic storyline and great acting.,441,5956.06,49
Boring Mystery,A dull and boring movie.,751,18794.59,47
Dull Journey,This movie was absolutely amazing!,1289,5597.83,30
Wonderful Adventure,The worst movie I have seen in years.,1838,10866.92,18
Terrible Adventure,Not worth watching.,989,19842.4,37
Fantastic Story,Terrible plot and bad acting.,1689,17392.19,7
Dull Saga,Terrible plot and bad acting.,1714,12971.33,7
Amazing Quest,An exciting tale of adventure.,1293,12922.64,21
Boring Mystery,A wonderful experience from start to finish.,122,9130.23,21
Dull Journey,I did not enjoy this movie at all.,932,4611.09,5
Fantastic Saga,A dull and boring movie.,243,11302.91,19
Amazing Saga,I did not enjoy this movie at all.,715,9457.06,44
Terrible Adventure,Not worth watching.,593,16572.79,15
Incredible Tale,Terrible plot and bad acting.,1848,1419.74,8
Terrible Tale,A dull and boring movie.,740,9669.26,11
Incredible Story,An exciting tale of adventure.,1924,6333.52,21
Boring Saga,Terrible plot and bad acting.,929,17481.38,47
Exciting Story,Not worth watching.,827,8503.35,14
Fantastic Tale,I did not enjoy this movie at all.,1418,914.71,19
Boring Adventure,Fantastic storyline and great acting.,1358,15716.97,6
Amazing Quest,A dull and boring movie.,846,1240.51,30
Incredible Quest,The worst movie I have seen in years.,1049,17093.69,1
Fantastic Mystery,An exciting tale of adventure.,477,10716.26,44
Wonderful Story,Not worth watching.,1407,7381.05,49
Amazing Adventure,I did not enjoy this movie at all.,496,15962.3,18
Dull Story,A dull and boring movie.,1918,17249.38,44
Dull Adventure,This movie was absolutely amazing!,1171,5176.78,2
Dull Saga,An incredible journey full of surprises.,789,1274.7,7
Boring Journey,An incredible journey full of surprises.,193,11640.51,31
Boring Mystery,The worst movie I have seen in years.,1144,10514.33,45
Exciting Story,The worst movie I have seen in years.,1252,14838.4,16
Terrible Tale,Terrible plot and bad acting.,128,18296.15,48
Amazing Tale,An exciting tale of adventure.,304,10952.32,21
Exciting Journey,This movie was absolutely amazing!,1160,11314.0,1
Incredible Chronicle,An incredible journey full of surprises.,1886,9781.5,18
Fantastic Quest,An incredible journey full of surprises.,405,15342.57,17
Fantastic Adventure,The worst movie I have seen in years.,1055,15642.34,15
Terrible Mystery,Not worth watching.,1020,5120.4,11
Wonderful Chronicle,Fantastic storyline and great acting.,431,2547.51,44
Exciting Chronicle,This movie was absolutely amazing!,251,8134.42,33
Fantastic Quest,Not worth watching.,1696,13184.61,45
Fantastic Saga,I did not enjoy this movie at all.,1356,13732.17,45
Dull Story,Not worth watching.,491,10866.19,2
Fantastic Journey,Fantastic storyline and great acting.,883,18902.56,19
Exciting Saga,An incredible journey full of surprises.,1426,12217.79,45
Terrible Adventure,The worst movie I have seen in years.,1777,10964.72,17
Terrible Chronicle,Not worth watching.,1429,17729.18,22
Boring Story,Terrible plot and bad acting.,866,19500.19,43
Boring Story,Not worth watching.,662,13576.27,7
Exciting Story,Terrible plot and bad acting.,891,13479.29,27
Wonderful Tale,This movie was absolutely amazing!,1473,19633.91,47
Exciting Story,An incredible journey full of surprises.,404,15685.13,16
Dull Journey,Not worth watching.,419,13917.79,4
Fantastic Adventure,A wonderful experience from start to finish.,117,3578.59,48
Exciting Journey,Terrible plot and bad acting.,1495,8544.9,17
Incredible Tale,Not worth watching.,1639,10084.85,50
Terrible Journey,Terrible plot and bad acting.,1436,4219.06,46
Dull Mystery,A wonderful experience from start to finish.,1419,14018.23,39
Amazing Story,A dull and boring movie.,1472,9463.26,2
Incredible Chronicle,I did not enjoy this movie at all.,131,2373.71,25
Incredible Tale,Fantastic storyline and great acting.,1130,9123.87,32
Fantastic Chronicle,A wonderful experience from start to finish.,862,15597.03,50
Fantastic Journey,An exciting tale of adventure.,949,9541.86,29
Boring Story,A wonderful experience from start to finish.,1847,16215.31,36
Wonderful Quest,The worst movie I have seen in years.,1324,4881.15,16
Exciting Quest,An exciting tale of adventure.,1884,9966.82,46
Exciting Mystery,Fantastic storyline and great acting.,1911,18777.25,41
Exciting Saga,The worst movie I have seen in years.,254,16318.28,6
Terrible Tale,The worst movie I have seen in years.,1541,8761.15,18
Terrible Tale,A dull and boring movie.,568,4269.2,4
Boring Quest,I did not enjoy this movie at all.,1734,17150.26,50
Amazing Adventure,This movie was absolutely amazing!,1802,9254.38,11
Terrible Adventure,Not worth watching.,1080,9474.01,34
Exciting Chronicle,I did not enjoy this movie at all.,402,13136.61,32
Wonderful Chronicle,A dull and boring movie.,1616,5185.58,11
Wonderful Adventure,An incredible journey full of surprises.,1820,8431.92,1
Dull Quest,Not worth watching.,1235,15893.07,41
Dull Chronicle,Terrible plot and bad acting.,1860,17262.58,28
Terrible Adventure,Terrible plot and bad acting.,1976,9450.93,14
Incredible Tale,An incredible journey full of surprises.,793,8207.93,39
Dull Journey,A dull and boring movie.,1366,8166.76,12
Exciting Saga,Fantastic storyline and great acting.,84,7480.35,1
Exciting Tale,An exciting tale of adventure.,1975,6727.88,44
Boring Quest,Terrible plot and bad acting.,1755,8885.37,28
Dull Adventure,An exciting tale of adventure.,285,12141.34,16
Dull Story,Terrible plot and bad acting.,145,15072.93,28
Exciting Tale,The worst movie I have seen in years.,1494,7152.42,12
Amazing Story,A dull and boring movie.,713,1289.75,49
Fantastic Journey,Fantastic storyline and great acting.,1105,16154.73,30
Incredible Story,The worst movie I have seen in years.,1742,1510.51,5
Boring Chronicle,The worst movie I have seen in years.,1033,1510.8,18
Incredible Tale,Fantastic storyline and great acting.,946,12507.13,11
Amazing Quest,A wonderful experience from start to finish.,240,12294.73,15
Boring Chronicle,The worst movie I have seen in years.,1688,16445.89,9
Exciting Journey,This movie was absolutely amazing!,807,8585.0,50
Terrible Story,Not worth watching.,863,5960.31,3
Boring Tale,A wonderful experience from start to finish.,214,9266.73,50
Terrible Chronicle,An exciting tale of adventure.,747,5456.44,44
Terrible Chronicle,A dull and boring movie.,1046,18639.45,31
Exciting Mystery,The worst movie I have seen in years.,1583,19306.38,48
Wonderful Tale,The worst movie I have seen in years.,950,6069.16,40
Exciting Saga,I did not enjoy this movie at all.,102,2381.53,45
Boring Journey,An incredible journey full of surprises.,753,19110.08,18
Wonderful Adventure,A wonderful experience from start to finish.,1083,17447.03,34
Dull Story,A dull and boring movie.,945,3725.68,24
Fantastic Saga,The worst movie I have seen in years.,940,9903.51,27
Amazing Journey,I did not enjoy this movie at all.,1372,6103.54,33
Boring Saga,This movie was absolutely amazing!,1034,3278.21,12
Boring Saga,This movie was absolutely amazing!,537,10763.52,49
Exciting Quest,Terrible plot and bad acting.,871,19213.23,39
Dull Mystery,An exciting tale of adventure.,1139,12079.05,6
Amazing Adventure,Not worth watching.,100,6369.46,26
Wonderful Tale,Terrible plot and bad acting.,1803,11179.22,17
Terrible Chronicle,A wonderful experience from start to finish.,1215,5450.56,17
Wonderful Tale,Fantastic storyline and great acting.,1768,11403.57,45
Terrible Journey,Fantastic storyline and great acting.,339,1720.46,43
Wonderful Journey,A wonderful experience from start to finish.,217,16514.53,41
Boring Chronicle,Fantastic storyline and great acting.,746,11111.93,33
Wonderful Story,I did not enjoy this movie at all.,1334,10711.46,7
Boring Quest,An exciting tale of adventure.,1184,16578.86,46
Exciting Tale,The worst movie I have seen in years.,226,4770.06,44
Amazing Journey,An exciting tale of adventure.,1247,11255.59,19
Wonderful Journey,I did not enjoy this movie at all.,1111,3225.22,24
Exciting Chronicle,I did not enjoy this movie at all.,2000,9888.2,35
Terrible Adventure,An incredible journey full of surprises.,634,1780.11,50
Exciting Tale,Fantastic storyline and great acting.,1483,18254.69,18
Amazing Tale,Terrible plot and bad acting.,810,2892.54,37
Wonderful Quest,A dull and boring movie.,647,19687.48,19
Exciting Adventure,A dull and boring movie.,234,14152.25,27
Incredible Saga,An incredible journey full of surprises.,145,6265.81,2
Terrible Story,Fantastic storyline and great acting.,632,19599.41,19
Wonderful Saga,Fantastic storyline and great acting.,1676,15648.15,3
Terrible Tale,A wonderful experience from start to finish.,1597,1588.99,12
Wonderful Journey,The worst movie I have seen in years.,1330,7301.08,20
Incredible Journey,Fantastic storyline and great acting.,1423,19728.25,44
Amazing Journey,A dull and boring movie.,1996,11787.72,37
Incredible Quest,An exciting tale of adventure.,1009,17072.57,41
Incredible Story,This movie was absolutely amazing!,1925,14159.27,9
Terrible Saga,This movie was absolutely amazing!,1109,17448.37,34
Boring Chronicle,An incredible journey full of surprises.,1274,2684.85,26
Boring Adventure,Terrible plot and bad acting.,1892,6831.0,7
Incredible Quest,Terrible plot and bad acting.,549,2771.35,1
Amazing Adventure,An incredible journey full of surprises.,1219,19064.53,6
Boring Chronicle,Terrible plot and bad acting.,1925,11221.27,21
Amazing Adventure,A dull and boring movie.,1866,10943.71,6
Wonderful Story,An incredible journey full of surprises.,1285,13466.09,41
Incredible Mystery,An exciting tale of adventure.,732,8517.0,12
Dull Saga,The worst movie I have seen in years.,1801,19579.73,19
Amazing Mystery,An incredible journey full of surprises.,514,12065.2,16
Exciting Story,Fantastic storyline and great acting.,912,3863.12,21
Terrible Chronicle,I did not enjoy this movie at all.,937,3210.65,36
Amazing Mystery,Terrible plot and bad acting.,1820,9718.25,15
Amazing Quest,An incredible journey full of surprises.,753,2678.51,18
Incredible Chronicle,Terrible plot and bad acting.,1154,7949.9,9
Incredible Chronicle,This movie was absolutely amazing!,1720,8692.01,17
Exciting Mystery,I did not enjoy this movie at all.,336,17638.2,25
Fantastic Chronicle,Not worth watching.,842,8824.85,42
Fantastic Quest,Not worth watching.,242,6282.96,21
Exciting Saga,The worst movie I have seen in years.,1287,9192.97,37
Incredible Mystery,Fantastic storyline and great acting.,1283,13620.86,43
Dull Chronicle,I did not enjoy this movie at all.,1532,14973.78,47
Boring Saga,A wonderful experience from start to finish.,1842,17606.93,40
Fantastic Story,The worst movie I have seen in years.,692,13773.44,41
Fantastic Adventure,This movie was absolutely amazing!,656,15491.35,50
Incredible Quest,Not worth watching.,187,3592.67,8
Fantastic Journey,Fantastic storyline and great acting.,55,18685.17,10
Boring Chronicle,An exciting tale of adventure.,1367,5119.08,12
Exciting Saga,Fantastic storyline and great acting.,1169,14909.7,4
Boring Saga,This movie was absolutely amazing!,662,7812.6,50
Fantastic Adventure,A wonderful experience from start to finish.,1191,18110.61,29
Wonderful Journey,The worst movie I have seen in years.,958,18284.96,25
Dull Tale,Terrible plot and bad acting.,1410,12936.28,34
Dull Quest,Terrible plot and bad acting.,234,14591.99,9
Incredible Journey,A wonderful experience from start to finish.,1321,17856.54,50
Wonderful Story,This movie was absolutely amazing!,906,8643.93,19
Wonderful Adventure,The worst movie I have seen in years.,442,11985.78,44
Incredible Story,The worst movie I have seen in years.,1899,7485.14,30
Dull Chronicle,I did not enjoy this movie at all.,441,12304.84,50
Exciting Chronicle,An incredible journey full of surprises.,609,11520.27,23
Incredible Journey,An incredible journey full of surprises.,1279,13978.82,35
Incredible Story,An exciting tale of adventure.,1092,2963.59,36
Exciting Quest,An incredible journey full of surprises.,338,17438.8,36
Boring Chronicle,This movie was absolutely amazing!,1728,1206.05,35
Wonderful Saga,This movie was absolutely amazing!,1051,15639.53,49
Boring Story,An incredible journey full of surprises.,150,15780.79,40
Fantastic Saga,Terrible plot and bad acting.,314,4344.58,47
Amazing Saga,The worst movie I have seen in years.,1373,6443.23,46
Terrible Mystery,The worst movie I have seen in years.,353,12424.01,21
Dull Quest,Not worth watching.,710,16183.72,3
Dull Adventure,A wonderful experience from start to finish.,245,8377.43,6
Incredible Chronicle,I did not enjoy this movie at all.,1338,7755.44,16
Terrible Mystery,Terrible plot and bad acting.,1900,19911.76,3
Amazing Journey,A dull and boring movie.,1508,17037.84,2
Exciting Story,Terrible plot and bad acting.,363,9045.64,28
Incredible Journey,An exciting tale of adventure.,231,18337.45,31
Amazing Chronicle,The worst movie I have seen in years.,911,9775.45,33
Dull Mystery,Not worth watching.,1674,16506.61,45
Wonderful Saga,A wonderful experience from start to finish.,673,16170.12,36
Dull Mystery,A wonderful experience from start to finish.,850,8129.53,49
Dull Chronicle,Terrible plot and bad acting.,1114,15833.53,35
Wonderful Quest,A dull and boring movie.,1320,6651.63,3
Amazing Saga,I did not enjoy this movie at all.,1100,11654.8,17
Terrible Story,This movie was absolutely amazing!,1942,9912.12,4
Boring Mystery,An incredible journey full of surprises.,1443,18263.53,23
Terrible Mystery,An exciting tale of adventure.,674,5068.33,14
Amazing Mystery,An incredible journey full of surprises.,1168,9580.99,40
Wonderful Quest,I did not enjoy this movie at all.,1723,17746.18,3
Incredible Tale,This movie was absolutely amazing!,530,17895.65,39
Amazing Chronicle,Fantastic storyline and great acting.,513,4196.94,13
Dull Story,Not worth watching.,1039,19831.07,20
Incredible Journey,A dull and boring movie.,550,5104.26,11
Fantastic Adventure,Not worth watching.,1308,15126.74,47
Boring Saga,This movie was absolutely amazing!,1346,16568.17,15
Wonderful Adventure,A wonderful experience from start to finish.,1293,17741.07,17
Fantastic Tale,I did not enjoy this movie at all.,225,4344.67,37
Incredible Chronicle,A dull and boring movie.,303,1535.04,43
Exciting Quest,The worst movie I have seen in years.,1040,7369.15,42
Boring Tale,A wonderful experience from start to finish.,211,8202.63,16
Exciting Adventure,Terrible plot and bad acting.,1619,9004.63,38
Dull Chronicle,A dull and boring movie.,1835,11155.45,29
Fantastic Story,An exciting tale of adventure.,761,16296.67,34
Exciting Journey,Terrible plot and bad acting.,1492,4966.57,9
Boring Quest,A dull and boring movie.,314,11139.2,15
Amazing Journey,A wonderful experience from start to finish.,1926,7183.55,30
Amazing Tale,An incredible journey full of surprises.,169,16854.91,40
Exciting Tale,The worst movie I have seen in years.,1769,13264.99,17
Boring Journey,An incredible journey full of surprises.,1115,12345.83,4
Wonderful Saga,A dull and boring movie.,531,18026.48,44
Wonderful Saga,A wonderful experience from start to finish.,1683,15275.75,8
Dull Quest,Terrible plot and bad acting.,138,705.38,27
Amazing Mystery,An incredible journey full of surprises.,1940,6852.52,36
Boring Saga,The worst movie I have seen in years.,1290,12045.72,35
Dull Quest,The worst movie I have seen in years.,1593,7249.57,28
Dull Mystery,Fantastic storyline and great acting.,790,6449.55,12
Amazing Saga,A dull and boring movie.,1595,8910.26,3
Incredible Tale,The worst movie I have seen in years.,1374,1403.86,2
Dull Adventure,An incredible journey full of surprises.,997,5270.65,32
Dull Saga,An exciting tale of adventure.,1613,965.79,50
Boring Tale,I did not enjoy this movie at all.,1436,6578.59,24
Wonderful Mystery,A wonderful experience from start to finish.,581,4225.46,22
Terrible Chronicle,A wonderful experience from start to finish.,338,13202.67,38
Amazing Chronicle,Terrible plot and bad acting.,1307,11614.14,44
Fantastic Saga,The worst movie I have seen in years.,772,19598.75,5
Wonderful Quest,A dull and boring movie.,1394,10355.65,28
Exciting Saga,I did not enjoy this movie at all.,1474,18970.51,40
Terrible Journey,An incredible journey full of surprises.,795,15313.08,10
Terrible Story,A wonderful experience from start to finish.,1527,13638.35,7
Wonderful Quest,The worst movie I have seen in years.,1993,19776.2,29
Wonderful Tale,Terrible plot and bad acting.,1696,7767.91,48
Amazing Adventure,A wonderful experience from start to finish.,1100,17382.11,6
Fantastic Mystery,Terrible plot and bad acting.,339,12675.51,12
Wonderful Mystery,I did not enjoy this movie at all.,1646,16815.31,11
Exciting Journey,A wonderful experience from start to finish.,697,2571.95,9
Incredible Saga,I did not enjoy this movie at all.,1699,2984.92,44
Terrible Adventure,This movie was absolutely amazing!,1543,8145.02,45
Fantastic Tale,Fantastic storyline and great acting.,616,7101.3,17
Wonderful Mystery,I did not enjoy this movie at all.,280,1513.65,26
Amazing Tale,A dull and boring movie.,941,18838.48,20
Boring Quest,An exciting tale of adventure.,556,17009.88,16
Incredible Tale,Terrible plot and bad acting.,1413,8031.39,24
Boring Mystery,The worst movie I have seen in years.,473,14921.88,20
Exciting Journey,This movie was absolutely amazing!,1846,1907.87,19
Fantastic Mystery,Fantastic storyline and great acting.,982,18715.93,17
Exciting Quest,This movie was absolutely amazing!,1403,1910.59,24
Incredible Mystery,A dull and boring movie.,1950,10893.71,35
Boring Quest,A dull and boring movie.,119,15721.89,45
Terrible Story,An exciting tale of adventure.,158,8991.64,15
Incredible Adventure,An exciting tale of adventure.,1573,17549.21,31
Exciting Quest,I did not enjoy this movie at all.,952,13434.69,19
Dull Saga,Terrible plot and bad acting.,378,6655.77,46
Dull Journey,Fantastic storyline and great acting.,368,18205.74,30
Boring Story,The worst movie I have seen in years.,426,19185.06,47
Incredible Tale,The worst movie I have seen in years.,1003,5680.05,49
Dull Adventure,I did not enjoy this movie at all.,1206,4981.97,8
Incredible Tale,Terrible plot and bad acting.,898,13940.2,42
Boring Saga,Terrible plot and bad acting.,1538,15334.83,36
Terrible Story,The worst movie I have seen in years.,990,13455.41,44
Wonderful Tale,An incredible journey full of surprises.,1609,14221.62,20
Fantastic Quest,I did not enjoy this movie at all.,1237,19229.28,43
Incredible Chronicle,This movie was absolutely amazing!,1261,11990.56,2
Dull Adventure,Terrible plot and bad acting.,457,18923.9,47
Exciting Quest,Terrible plot and bad acting.,515,10891.36,20
Dull Tale,I did not enjoy this movie at all.,1075,15720.65,8
Incredible Story,I did not enjoy this movie at all.,1898,2918.99,24
Exciting Journey,The worst movie I have seen in years.,351,19064.27,36
Incredible Journey,An exciting tale of adventure.,872,14693.53,15
Amazing Chronicle,Fantastic storyline and great acting.,1717,18341.58,17
Fantastic Tale,The worst movie I have seen in years.,182,7161.06,8
Dull Quest,Fantastic storyline and great acting.,1676,11617.23,31
Exciting Story,Not worth watching.,896,2885.25,21
Dull Saga,Not worth watching.,1609,4290.91,21
Wonderful Chronicle,Terrible plot and bad acting.,301,2610.06,35
Dull Chronicle,Fantastic storyline and great acting.,1372,5901.04,31
Dull Saga,Terrible plot and bad acting.,1937,12000.64,49
Amazing Chronicle,This movie was absolutely amazing!,551,10979.27,23
Amazing Adventure,Fantastic storyline and great acting.,1444,15260.65,1
Amazing Saga,Fantastic storyline and great acting.,1064,1642.54,21
Wonderful Saga,Terrible plot and bad acting.,1331,9696.62,41
Boring Quest,This movie was absolutely amazing!,696,16931.39,40
Wonderful Adventure,This movie was absolutely amazing!,744,5952.68,23
Incredible Quest,I did not enjoy this movie at all.,1968,19405.21,40
Wonderful Chronicle,A dull and boring movie.,1447,17094.32,1
Amazing Chronicle,An incredible journey full of surprises.,845,15050.18,48
Dull Tale,I did not enjoy this movie at all.,216,14320.06,37
Fantastic Tale,An incredible journey full of surprises.,1725,3295.28,21
Amazing Mystery,An exciting tale of adventure.,245,12778.45,44
Exciting Saga,An exciting tale of adventure.,1795,14334.16,34
Fantastic Mystery,I did not enjoy this movie at all.,1367,10216.24,19
Wonderful Adventure,Not worth watching.,1966,19150.15,43
Fantastic Story,A wonderful experience from start to finish.,1538,2729.63,26
Incredible Mystery,A dull and boring movie.,973,15229.79,9
Boring Quest,An incredible journey full of surprises.,694,10098.28,23
Amazing Journey,This movie was absolutely amazing!,1893,13878.8,45
Wonderful Tale,A dull and boring movie.,1308,1640.37,1
Boring Chronicle,Fantastic storyline and great acting.,252,2625.75,29
Wonderful Adventure,An exciting tale of adventure.,1947,18490.35,1
Boring Quest,A dull and boring movie.,989,19253.65,29
Terrible Quest,An exciting tale of adventure.,619,7004.65,47
Fantastic Tale,An exciting tale of adventure.,389,2903.07,39
Dull Tale,The worst movie I have seen in years.,867,15291.07,7
Terrible Saga,An exciting tale of adventure.,225,8190.33,27
Amazing Story,Fantastic storyline and great acting.,1803,4729.17,27
Terrible Quest,I did not enjoy this movie at all.,1613,3705.13,21
Incredible Mystery,This movie was absolutely amazing!,1516,9386.29,31
Exciting Mystery,A wonderful experience from start to finish.,1292,11263.92,42
Amazing Story,Terrible plot and bad acting.,266,8593.92,27
Fantastic Journey,Terrible plot and bad acting.,1984,11400.03,12
Exciting Chronicle,Fantastic storyline and great acting.,372,14753.25,21
Fantastic Quest,A wonderful experience from start to finish.,1250,16814.78,32
Exciting Quest,An exciting tale of adventure.,1333,18983.46,9
Dull Chronicle,Fantastic storyline and great acting.,1371,18152.16,7
Wonderful Adventure,This movie was absolutely amazing!,562,19848.42,45
Terrible Mystery,An incredible journey full of surprises.,707,2126.47,32
Terrible Story,A dull and boring movie.,1059,13783.58,4
Wonderful Tale,A wonderful experience from start to finish.,554,19035.83,23
Boring Mystery,The worst movie I have seen in years.,1900,19303.68,6
Amazing Tale,An exciting tale of adventure.,594,11479.72,7
Amazing Quest,The worst movie I have seen in years.,1569,3077.76,32
Incredible Mystery,A wonderful experience from start to finish.,1980,2353.22,36
Wonderful Chronicle,I did not enjoy this movie at all.,1169,7693.23,35
Boring Story,A dull and boring movie.,790,8215.32,24
Incredible Saga,Terrible plot and bad acting.,837,11495.7,13
Amazing Quest,Terrible plot and bad acting.,1493,17864.36,43
Fantastic Quest,A wonderful experience from start to finish.,1915,8359.72,50
Incredible Story,An incredible journey full of surprises.,883,1881.32,39
Fantastic Tale,This movie was absolutely amazing!,578,3346.01,41
Terrible Tale,The worst movie I have seen in years.,468,6149.99,39
Terrible Journey,A wonderful experience from start to finish.,1187,5286.89,9
Dull Story,Not worth watching.,1676,8823.18,2
Exciting Quest,Not worth watching.,1539,17279.33,34
Terrible Mystery,I did not enjoy this movie at all.,1097,10517.47,3
Boring Adventure,An incredible journey full of surprises.,336,12971.08,32
Amazing Journey,This movie was absolutely amazing!,1406,14539.51,19
Fantastic Adventure,This movie was absolutely amazing!,175,4123.92,1
Boring Mystery,A dull and boring movie.,126,9178.47,29
Exciting Saga,Not worth watching.,887,11264.14,12
Boring Saga,An incredible journey full of surprises.,738,7286.37,33
Fantastic Story,The worst movie I have seen in years.,1793,18358.79,37
Incredible Saga,Fantastic storyline and great acting.,399,18953.94,38
Amazing Quest,The worst movie I have seen in years.,1476,14274.7,12
Fantastic Saga,Not worth watching.,1554,8183.64,1
Amazing Mystery,Not worth watching.,660,19243.88,46
Exciting Quest,A dull and boring movie.,1141,3243.44,10
Wonderful Saga,This movie was absolutely amazing!,1882,4890.85,4
Dull Chronicle,Fantastic storyline and great acting.,1697,13674.97,14
Incredible Chronicle,Terrible plot and bad acting.,849,11571.88,35
Exciting Journey,I did not enjoy this movie at all.,1053,4118.14,14
Terrible Saga,This movie was absolutely amazing!,1175,3889.92,36
Amazing Tale,A wonderful experience from start to finish.,1181,18150.03,43
Exciting Journey,A dull and boring movie.,353,4514.86,12
Boring Saga,Not worth watching.,429,6264.89,35
Amazing Saga,Terrible plot and bad acting.,273,11275.96,8
Boring Saga,Terrible plot and bad acting.,1501,18249.21,13
Dull Adventure,Not worth watching.,909,11791.89,7
Boring Chronicle,The worst movie I have seen in years.,248,16832.65,5
Exciting Saga,A wonderful experience from start to finish.,1799,13948.74,23
Amazing Story,Terrible plot and bad acting.,364,14790.32,34
Incredible Chronicle,A dull and boring movie.,1861,11679.25,25
Incredible Adventure,An incredible journey full of surprises.,1195,1107.68,43
Amazing Adventure,Fantastic storyline and great acting.,1430,11682.21,33
Terrible Adventure,I did not enjoy this movie at all.,716,1789.96,5
Boring Adventure,A dull and boring movie.,705,19745.99,12
Amazing Journey,A dull and boring movie.,1358,2054.92,31
Exciting Quest,An incredible journey full of surprises.,1595,8635.91,41
Incredible Tale,I did not enjoy this movie at all.,54,3229.39,1
Incredible Chronicle,I did not enjoy this movie at all.,1409,8409.46,16
Dull Story,Fantastic storyline and great acting.,1601,6253.9,3
Boring Chronicle,An exciting tale of adventure.,645,12575.7,14
Wonderful Mystery,Not worth watching.,448,6697.15,30
Wonderful Chronicle,Terrible plot and bad acting.,666,13650.27,13
Exciting Chronicle,A dull and boring movie.,1334,10392.75,9
Wonderful Saga,The worst movie I have seen in years.,1014,18372.05,48
Exciting Quest,A dull and boring movie.,343,5188.48,31
Dull Chronicle,An exciting tale of adventure.,907,773.36,22
Fantastic Journey,Terrible plot and bad acting.,196,8005.42,23
Boring Story,Not worth watching.,162,5158.13,29
Terrible Quest,A wonderful experience from start to finish.,1544,8536.66,16
Terrible Quest,Terrible plot and bad acting.,1269,11793.64,17
Exciting Mystery,An incredible journey full of surprises.,520,10845.82,30
Incredible Adventure,Fantastic storyline and great acting.,1253,3820.36,32
Wonderful Adventure,Terrible plot and bad acting.,1895,1385.68,40
Dull Mystery,I did not enjoy this movie at all.,590,13563.54,21
Exciting Quest,Not worth watching.,1119,14495.06,41
Dull Saga,An incredible journey full of surprises.,1480,9934.55,23
Dull Saga,A dull and boring movie.,1791,6608.23,2
Boring Mystery,Not worth watching.,1657,6899.96,30
Wonderful Tale,Fantastic storyline and great acting.,1937,7245.47,4
Fantastic Saga,Fantastic storyline and great acting.,347,15394.0,16
Terrible Mystery,Fantastic storyline and great acting.,318,2446.98,40
